# molecules 	Acetylene	Ethylene	Ethane	ethanol
ScaledConcentrations_Means	2.7461565741491057e-11	-1.234162505445079e-09	1.6682364605959867e-08	-5.897790866199609e-10
ScaledConcentrations_StdDevs	8.739529323646751e-11	3.262245431463096e-09	4.747837357667801e-08	4.166286125907254e-10
ScaledConcentrations_StdErrs	1.0677034414055595e-11	3.985467117157416e-10	5.800406518803836e-09	5.0899286103147265e-11
ScaledConcentrations_absolute_uncertainties_Means	1.0938892255434982e-09	3.95331533943381e-09	6.439087726173999e-09	4.989556955504402e-09
ScaledConcentrations_absolute_uncertainties_StdDevs	2.635208027402615e-09	9.535672676059664e-09	1.5610737650469312e-08	1.2088746509976697e-08
ScaledConcentrations_relative_uncertainties_Means	39.83346164019941	-3.2032372738532655	0.38598171651718965	-8.460043885414251
ScaledConcentrations_relative_uncertainties_StdDevs	95.95986085458846	-7.726432000639002	0.935762886089439	-20.497075573258478
ScaledConcentrations_absolute_uncertainties_Total	1.0939413315274421e-09	3.973353955340764e-09	8.666404475256544e-09	4.989816564719406e-09
