# molecules 	Acetylene	Ethylene	Ethane
ScaledConcentrations_Means	8.085451899884655e-11	-6.849344696603305e-10	1.4558248699362959e-08
ScaledConcentrations_StdDevs	6.995296961117062e-11	8.19895493205202e-10	4.0324029212398935e-08
ScaledConcentrations_StdErrs	8.54611542847022e-12	1.0016617683511836e-10	4.926364243086198e-09
ScaledConcentrations_absolute_uncertainties_Means	1.3241689103337565e-09	6.867516973703045e-09	8.743371214447565e-09
ScaledConcentrations_absolute_uncertainties_StdDevs	3.2481725516267296e-09	1.6913845175677408e-08	2.157636527367864e-08
ScaledConcentrations_relative_uncertainties_Means	16.37717874931204	-10.026531409798592	0.6005785032941605
ScaledConcentrations_relative_uncertainties_StdDevs	40.173048975445234	-24.69410713708896	1.4820714853307033
ScaledConcentrations_absolute_uncertainties_Total	1.324196488132862e-09	6.868247421801372e-09	1.0035716459186585e-08
