# molecules 	Acetylene	Ethylene	Ethane	Ethanol
ScaledConcentrations_Means	-4.256236604031096e-11	-1.2781106914476156e-10	1.4094986669724133e-08	-3.831438018442664e-10
ScaledConcentrations_StdDevs	6.065374720285047e-11	7.446235052214129e-10	3.9937628062593356e-08	3.536694452567401e-10
ScaledConcentrations_StdErrs	7.410034593900045e-12	9.097023988754436e-11	4.879157829315813e-09	4.3207599612818646e-11
ScaledConcentrations_absolute_uncertainties_Means	1.008324255440199e-09	3.861364257634085e-09	5.8309670373149575e-09	2.7474880363563992e-09
ScaledConcentrations_absolute_uncertainties_StdDevs	2.460389011288445e-09	9.430249526451617e-09	1.4353016856115617e-08	6.7422247915757815e-09
ScaledConcentrations_relative_uncertainties_Means	-23.690512282263906	-30.211501112322445	0.413690851502528	-7.170905605496785
ScaledConcentrations_relative_uncertainties_StdDevs	-57.8066785328194	-73.78272937980601	1.018306522200956	-17.59711303986132
ScaledConcentrations_absolute_uncertainties_Total	1.008351482728971e-09	3.862435697157847e-09	7.603049237879981e-09	2.747827761448276e-09
