# molecules 	Acetylene	Ethylene	Ethane
ScaledConcentrations_Means	-5.83257787825949e-11	4.28816750700973e-10	1.4061506068258317e-08
ScaledConcentrations_StdDevs	3.0179021481712073e-10	2.1602820673689575e-09	4.177113520508483e-08
ScaledConcentrations_StdErrs	3.686954285637763e-11	2.639204598233559e-10	5.103156378137313e-09
ScaledConcentrations_absolute_uncertainties_Means	2.5967993745338533e-09	6.8310566457931885e-09	3.817359751899416e-09
ScaledConcentrations_absolute_uncertainties_StdDevs	6.416613972015852e-09	1.6718410008560346e-08	9.265277845914762e-09
ScaledConcentrations_relative_uncertainties_Means	-44.52232664073349	15.930013542210466	0.2714758812725272
ScaledConcentrations_relative_uncertainties_StdDevs	-110.01334411552932	38.98730630562192	0.6589107739198505
ScaledConcentrations_absolute_uncertainties_Total	2.5970610995449932e-09	6.836153078095067e-09	6.372945982443686e-09
