# molecules 	Acetylene	Ethylene	Ethane
ScaledConcentrations_Means	9.378560000452694e-11	-7.613755560710372e-10	1.5466868726875656e-08
ScaledConcentrations_StdDevs	8.114056342572077e-11	9.016354955715931e-10	4.282802699455431e-08
ScaledConcentrations_StdErrs	9.912897548477847e-12	1.1015230750590341e-10	5.232276260801541e-09
ScaledConcentrations_absolute_uncertainties_Means	1.5373423067372404e-09	7.676285889561694e-09	9.367314079040896e-09
ScaledConcentrations_absolute_uncertainties_StdDevs	3.7690405337004e-09	1.8891789576218167e-08	2.3097262582229834e-08
ScaledConcentrations_relative_uncertainties_Means	16.392093313504784	-10.082128101372206	0.6056373946436873
ScaledConcentrations_relative_uncertainties_StdDevs	40.187838362376226	-24.81270829563583	1.4933379852183912
ScaledConcentrations_absolute_uncertainties_Total	1.5373742659554264e-09	7.677076174503732e-09	1.07295520840688e-08
