# molecules 	Acetylene	Ethylene	Ethane
ScaledConcentrations_Means	-4.566198045319789e-12	1.6788037629282737e-10	1.3916148267292726e-08
ScaledConcentrations_StdDevs	3.927731417746854e-11	9.571925657734404e-10	4.124540817166053e-08
ScaledConcentrations_StdErrs	4.798487648869361e-12	1.1693968390252735e-10	5.038928598580778e-09
ScaledConcentrations_absolute_uncertainties_Means	1.1935552267329892e-09	3.77128608791804e-09	3.980971355582946e-09
ScaledConcentrations_absolute_uncertainties_StdDevs	2.938819407043964e-09	9.269655900622924e-09	9.77389152621624e-09
ScaledConcentrations_relative_uncertainties_Means	-261.38928160515206	22.46412696466637	0.2860684780816446
ScaledConcentrations_relative_uncertainties_StdDevs	-643.6031415799326	55.215839428750236	0.7023417211778292
ScaledConcentrations_absolute_uncertainties_Total	1.1935648724494842e-09	3.773098679678996e-09	6.421754772300727e-09
